{"stats":{"minecraft:mined":{"minecraft:grass":8,"minecraft:vine":4,"minecraft:dead_bush":2},"minecraft:dropped":{"minecraft:wheat_seeds":1},"minecraft:picked_up":{"minecraft:stick":1,"minecraft:wheat_seeds":1},"minecraft:custom":{"minecraft:jump":62,"minecraft:time_since_rest":2920,"minecraft:leave_game":1,"minecraft:sprint_one_cm":2991,"minecraft:play_time":2920,"minecraft:walk_on_water_one_cm":2360,"minecraft:time_since_death":2920,"minecraft:walk_one_cm":5553,"minecraft:climb_one_cm":616,"minecraft:total_world_time":2920,"minecraft:walk_under_water_one_cm":564,"minecraft:fall_one_cm":627,"minecraft:drop":1,"minecraft:fly_one_cm":2762}},"DataVersion":3465}